leto,mesto,ime_tekmovalca,država,ekipa,čas

2012,1,Bradley Wiggins,Velika Britanija,Team Sky,87:34:47

2012,2,Chris Froome,Velika Britanija,Team Sky,3:21

2012,3,Vincenzo Nibali,Italija,Liquigas-Cannondale,6:19

2012,4,Jurgen van den Broeck,Belgija,Lotto-Belisol,10:15

2012,5,Tejay van Garderen,ZDA,BMC Racing Team,11:04

2012,6,Haimar Zubeldia,Španija,RadioShack-Nissan,15:41

2012,7,Cadel Evans,Avstralija,BMC Racing Team,15:49

2012,8,Pierre Rolland,Francija,Team Europcar,16:26

2012,9,Janez Brajkovič,Slovenija,Astana,16:33

2012,10,Thibaut Pinot,Francija,FDJ-BigMat,17:17

2012,11,Andréas Klöden,Nemčija,RadioShack-Nissan,17:54

2012,12,Nicolas Roche,Irska,AG2R La Mondiale,19:33

2012,13,Chris Horner,ZDA,RadioShack-Nissan,19:55

2012,14,Chris Anker Sørensen,Danska,Saxo Bank-Tinkoff Bank,25:27

2012,16,Maxime Monfort,Belgija,RadioShack-Nissan,28:30

2012,17,Egoi Martinez,Španija,Euskaltel-Euskadi,31:46

2012,18,Rui Costa,Portugalska,Movistar Team,37:03

2012,19,Eduard Vorganov,Rusija,Team Katusha ,38:16

2012,20,Alejandro Valverde,Španija,Movistar Team,42:26

2012,21,Jérome Coppel,Francija,Saur-Sojasun,45:43

2012,22,Sandy Casar,Francija,FDJ-BigMat,46:52

2012,23,Michael Rogers,Avstralija,Team Sky,54:52

2012,24,Michele Scarponi,Italija,Lampre-ISD,58:37

2012,25,Ivan Basso,Italija,Liquigas-Cannondale,59:44

2012,26,Thomas Voeckler,Francija,Team Europcar,1:04:41

2012,27,Peter Velits,Slovaška,Omega Pharma-Quick-Step,1:05:10

2012,28,Laurens ten Dam,Nizozemska,Rabobank,1:05:39

2012,29,Jelle Vanendert,Belgija,Lotto-Belisol,1:08:26

2012,30,Juan Jose Cobo,Španija,Movistar Team,1:09:19

2012,31,Alexandre Vinokourov,Kazahstan,Astana,1:15:21

2012,32,Levi Leipheimer,ZDA,Omega Pharma-Quick-Step,1:16:29

2012,33,Steven Kruijswijk,Nizozemska,Rabobank,1:16:52

2012,34,Richie Porte,Avstralija,Team Sky,1:20:49

2012,35,Daniel Martin,Irska,Garmin-Sharp,1:25:23

2012,36,Rein Taaramäe,Estonija,Cofidis,1:27:52

2012,37,Giampaolo Caruso,Italija,Team Katusha ,1:28:32

2012,38,George Hincapie,ZDA,BMC Racing Team,1:30:38

2012,39,Gorka Izagirre,Španija,Euskaltel-Euskadi,1:32:19

2012,40,Fredrik Kessiakoff,Švedska,Astana,1:34:33

2012,41,Rafael Valls,Španija,Vacansoleil-DCM,1:37:57

2012,42,Peter Sagan,Slovaška,Liquigas-Cannondale,1:38:37

2012,43,Andrei Grivko,Ukrajina,Astana,1:38:41

2012,44,Jean-Christophe Peraud,Francija,AG2R La Mondiale,1:40:44

2012,45,Amaël Moinard,Francija,BMC Racing Team,1:41:00

2012,46,Philippe Gilbert,Belgija,BMC Racing Team,1:41:35

2012,47,Dominik Nerz,Nemčija,Liquigas-Cannondale,1:42:12

2012,48,Pierrick Fedrigo,Francija,FDJ-BigMat,1:42:39

2012,49,Michael Schar,Švica,BMC Racing Team,1:43:53

2012,50,Sérgio Paulinho,Portugalska,Saxo Bank-Tinkoff Bank,1:47:14

2012,51,Yuri Trofimov,Rusija,Team Katusha ,1:47:31

2012,52,Jens Voigt,Nemčija,RadioShack-Nissan,1:50:41

2012,53,Vladimir Karpets,Rusija,Movistar Team,1:51:43

2012,54,Fabrice Jeandesboz,Francija,Saur-Sojasun,1:52:28

2012,55,Maxime Bouet,Francija,AG2R La Mondiale,1:52:30

2012,56,Edvald Boasson Hagen,Norveška,Team Sky,1:52:34

2012,57,Johnny Hoogerland,Nizozemska,Vacansoleil-DCM,1:55:30

2012,58,Marcus Burghardt,Nemčija,BMC Racing Team,1:57:39

2012,59,Davide Malacarne,Italija,Team Europcar,1:57:45

2012,60,Christian Vande Velde,ZDA,Garmin-Sharp,1:58:38

2012,61,Cyril Gautier,Francija,Team Europcar,1:58:55

2012,62,Mickaël Chérel,Francija,AG2R La Mondiale,1:59:53

2012,63,Dimitri Fofonov,Kazahstan,Astana,2:03:55

2012,64,Luis Leon Sanchez,Španija,Rabobank,2:05:43

2012,65,Sébastien Minard,Francija,AG2R La Mondiale,2:06:32

2012,66,Jérémy Roy,Francija,FDJ-BigMat,2:10:17

2012,67,Marco Marcato,Italija,Vacansoleil-DCM,2:11:36

2012,68,Dries Devenyns,Belgija,Omega Pharma-Quick-Step,2:12:22

2012,69,Simone Stortoni,Italija,Lampre-ISD,2:13:39

2012,70,Kevin De Weert,Belgija,Omega Pharma-Quick-Step,2:13:49

2012,71,Sylwester Szmyd,Poljska,Liquigas-Cannondale,2:16:15

2012,72,Pieter Weening,Nizozemska,Orica GreenEDGE,2:17:30

2012,73,Christophe Riblon,Francija,AG2R La Mondiale,2:17:31

2012,74,Jorge Azanza,Španija,Euskaltel-Euskadi,2:18:58

2012,75,Guillaume Levarlet,Francija,Saur-Sojasun,2:19:43

2012,76,Yaroslav Popovych,Ukrajina,RadioShack-Nissan,2:21:56

2012,77,Vasil Kiryienka,Belorusija,Movistar Team,2:22:02

2012,78,Andrey Kashechkin,Kazahstan,Astana,2:23:09

2012,79,Simon Gerrans,Avstralija,Orica GreenEDGE,2:24:35

2012,80,Marco Marzano,Italija,Lampre-ISD,2:24:46

2012,81,Adam Hansen,Avstralija,Lotto-Belisol,2:25:29

2012,82,Christian Knees,Nemčija,Team Sky,2:26:43

2012,83,Christophe Kern,Francija,Team Europcar,2:29:01

2012,84,Yukiya Arashiro,Japonska,Team Europcar,2:29:13

2012,85,Matthieu Ladagnous,Francija,FDJ-BigMat,2:33:14

2012,86,Danilo Hondo,Nemčija,Lampre-ISD,2:37:55

2012,87,Ruben Perez,Španija,Euskaltel-Euskadi,2:37:56

2012,88,Martin Velits,Slovaška,Omega Pharma-Quick-Step,2:40:47

2012,89,Blel Kadri,Francija,AG2R La Mondiale,2:41:14

2012,90,Romain Zingle,Belgija,Cofidis,2:41:44

2012,91,Brice Feillu,Francija,Saur-Sojasun,2:41:50

2012,92,Julien Simon,Francija,Saur-Sojasun,2:46:04

2012,93,Michael Mørkøv,Danska,Saxo Bank-Tinkoff Bank,2:46:14

2012,94,Arthur Vichot,Francija,FDJ-BigMat,2:46:51

2012,95,Stephen Cummings,Velika Britanija,BMC Racing Team,2:47:03

2012,96,Lars Ytting Bak,Danska,Lotto-Belisol,2:48:05

2012,97,Stuart O'Grady,Avstralija,Orica GreenEDGE,2:50:31

2012,98,Kristijan Koren,Slovenija,Liquigas-Cannondale,2:51:34

2012,99,Nicki Sørensen,Danska,Saxo Bank-Tinkoff Bank,2:53:11

2012,100,David Zabriskie,ZDA,Garmin-Sharp,2:53:26

2012,101,Rubén Plaza,Španija,Movistar Team,2:53:35

2012,102,Francis de Greef,Belgija,Lotto-Belisol,2:53:52

2012,103,Koen de Kort,Nizozemska,Argos-Shimano,2:54:13

2012,104,Jurgen Roelandts,Belgija,Lotto-Belisol,2:55:04

2012,105,Daniel Oss,Italija,Liquigas-Cannondale,2:55:24

2012,106,David Millar,Velika Britanija,Garmin-Sharp,2:55:24

2012,107,Samuel Dumoulin,Francija,Cofidis,2:56:02

2012,108,Luca Paolini,Italija,Team Katusha ,2:56:21

2012,109,Manuel Quinziato,Italija,BMC Racing Team,2:56:27

2012,110,Michael Albasini,Švica,Orica GreenEDGE,2:57:20

2012,111,Daryl Impey,JAR,Orica GreenEDGE,2:57:29

2012,112,Jérome Pineau,Francija,Omega Pharma-Quick-Step,2:57:58

2012,113,Matthieu Sprick,Francija,Argos-Shimano,2:58:15

2012,114,Federico Canuti,Italija,Liquigas-Cannondale,2:58:41

2012,115,Kris Boeckmans,Belgija,Vacansoleil-DCM,3:02:57

2012,116,Maxim Iglinskiy,Kazahstan,Astana,3:03:38

2012,117,Baden Cooke,Avstralija,Orica GreenEDGE,3:04:30

2012,118,Alessandro Vanotti,Italija,Liquigas-Cannondale,3:04:39

2012,119,Joan Horrach Rippoll,Španija,Team Katusha ,3:06:27

2012,120,Matthew Goss,Avstralija,Orica GreenEDGE,3:06:55

2012,121,Nick Nuyens,Belgija,Saxo Bank-Tinkoff Bank,3:08:29

2012,122,Sébastien Hinault,Francija,AG2R La Mondiale,3:08:57

2012,123,André Greipel,Nemčija,Lotto-Belisol,3:09:02

2012,124,Gregory Henderson,Nova Zelandija,Lotto-Belisol,3:13:06

2012,125,Bert Grabsch,Nemčija,Omega Pharma-Quick-Step,3:13:06

2012,126,Anthony Roux,Francija,FDJ-BigMat,3:16:38

2012,127,Anders Lund,Danska,Saxo Bank-Tinkoff Bank,3:17:07

2012,128,Nicolas Edet,Francija,Cofidis,3:17:16

2012,129,Borut Bozic,Slovenija,Astana,3:17:44

2012,130,Luis Ángel Maté,Španija,Cofidis,3:18:11

2012,131,Jean-Marc Marino,Francija,Saur-Sojasun,3:18:20

2012,132,Marcel Sieberg,Nemčija,Lotto-Belisol,3:19:36

2012,133,Cédric Pineau,Francija,FDJ-BigMat,3:20:24

2012,134,Pablo Urtasun,Španija,Euskaltel-Euskadi,3:21:34

2012,135,Roy Curvers,Nizozemska,Argos-Shimano,3:23:44

2012,136,Cyril Lemoine,Francija,Saur-Sojasun,3:23:55

2012,137,Jonathan Cantwell,Avstralija,Saxo Bank-Tinkoff Bank,3:25:08

2012,138,Yann Huguet,Francija,Argos-Shimano,3:26:43

2012,139,Yohann Gene,Francija,Team Europcar,3:26:58

2012,140,Juan Jose Haedo,Argentina,Saxo Bank-Tinkoff Bank,3:27:28

2012,141,Patrick Gretsch,Nemčija,Argos-Shimano,3:27:49

2012,142,Mark Cavendish,Velika Britanija,Team Sky,3:28:36

2012,143,Karsten Kroon,Nizozemska,Saxo Bank-Tinkoff Bank,3:28:56

2012,144,Bram Tankink,Nizozemska,Rabobank,3:31:24

2012,145,Aliaksandr Kuchynski,Belorusija,Team Katusha ,3:38:24

2012,146,Bernhard Eisel,Avstrija,Team Sky,3:38:48

2012,147,Johan Vansummeren,Belgija,Garmin-Sharp,3:40:01

2012,148,Albert Timmer,Nizozemska,Argos-Shimano,3:40:37

2012,149,Julien Fouchard,Francija,Cofidis,3:42:31

2012,150,Sebastian Langeveld,Nizozemska,Orica GreenEDGE,3:50:12

2012,151,Tyler Farrar,ZDA,Garmin-Sharp,3:54:45

2012,152,Jan Ghyselinck,Belgija,Cofidis,3:57:04

2012,153,Jimmy Engoulvent,Francija,Saur-Sojasun,3:57:36

2013,1,Chris Froome,Velika Britanija,Team Sky,83:56:40

2013,2,Nairo Quintana,Kolumbija,Movistar Team,4:20

2013,3,Joaquim Rodríguez,Španija,Team Katusha ,5:04

2013,4,Alberto Contador,Španija,Saxo-Tinkoff,6:27

2013,5,Roman Kreuziger,Češka,Saxo-Tinkoff,7:27

2013,6,Bauke Mollema,Nizozemska,Belkin Pro Cycling,11:42

2013,7,Jakob Fuglsang,Danska,Astana,12:17

2013,8,Alejandro Valverde,Španija,Movistar Team,15:26

2013,9,Daniel Navarro,Španija,Cofidis,15:52

2013,10,Andrew Talansky,ZDA,Garmin-Sharp,17:39

2013,11,Michal Kwiatkowski,Poljska,Omega Pharma-Quick-Step,18:59

2013,12,Mikel Nieve,Španija,Euskaltel-Euskadi,20:01

2013,13,Laurens ten Dam,Nizozemska,Belkin Pro Cycling,21:39

2013,14,Maxime Monfort,Belgija,RadioShack-Leopard,23:38

2013,15,Romain Bardet,Francija,AG2R La Mondiale,26:42

2013,16,Michael Rogers,Avstralija,Saxo-Tinkoff,26:51

2013,17,Daniel Moreno,Španija,Team Katusha ,32:34

2013,18,Jan Bakelants,Belgija,RadioShack-Leopard,35:51

2013,19,Richie Porte,Avstralija,Team Sky,39:41

2013,20,Andy Schleck,Luksemburg,RadioShack-Leopard,41:46

2013,21,Jose Rodolfo Serpa,Kolumbija,Lampre-Merida,45:08

2013,22,John Gadret,Francija,AG2R La Mondiale,46:00

2013,23,Igor Anton,Španija,Euskaltel-Euskadi,48:07

2013,24,Pierre Rolland,Francija,Team Europcar,52:15

2013,25,Peter Velits,Slovaška,Omega Pharma-Quick-Step,54:00

2013,26,Robert Gesink,Nizozemska,Belkin Pro Cycling,54:25

2013,27,Rui Costa,Portugalska,Movistar Team,54:34

2013,28,Wout Poels,Nizozemska,Vacansoleil-DCM,56:33

2013,29,Arnold Jeannesson,Francija,FDJ.fr ,57:06

2013,30,Andréas Klöden,Nemčija,RadioShack-Leopard,1:02:43

2013,31,Sylvain Chavanel,Francija,Omega Pharma-Quick-Step,1:03:41

2013,32,Cyril Gautier,Francija,Team Europcar,1:12:42

2013,33,Daniel Martin,Irska,Garmin-Sharp,1:13:08

2013,34,Hubert Dupont,Francija,AG2R La Mondiale,1:14:59

2013,35,Steve Morabito,Švica,BMC Racing Team,1:20:39

2013,36,Haimar Zubeldia,Španija,RadioShack-Leopard,1:24:22

2013,37,Christophe Riblon,Francija,AG2R La Mondiale,1:27:57

2013,38,Bart De Clercq,Belgija,Lotto-Belisol,1:28:06

2013,39,Cadel Evans,Avstralija,BMC Racing Team,1:30:14

2013,40,Nicolas Roche,Irska,Saxo-Tinkoff,1:34:17

2013,41,Tom Dumoulin,Nizozemska,Argos-Shimano,1:34:30

2013,42,Mikel Astarloza,Španija,Euskaltel-Euskadi,1:36:27

2013,43,Jesús Hernández,Španija,Saxo-Tinkoff,1:36:40

2013,44,Alexandre Geniez,Francija,FDJ.fr ,1:38:06

2013,45,Tejay van Garderen,ZDA,BMC Racing Team,1:38:57

2013,46,Alexis Vuillermoz,Francija,Sojasun,1:40:05

2013,47,Rubén Plaza,Španija,Movistar Team,1:40:35

2013,48,Eduard Vorganov,Rusija,Team Katusha ,1:42:41

2013,49,Davide Malacarne,Italija,Team Europcar,1:44:50

2013,50,Lars Petter Nordhaug,Norveška,Belkin Pro Cycling,1:49:42

2013,51,Yuri Trofimov,Rusija,Team Katusha ,1:49:54

2013,52,Maxime Mederel,Francija,Sojasun,1:53:01

2013,53,Laurent Didier,Luksemburg,RadioShack-Leopard,1:58:53

2013,54,Andrey Amador,Kostarika,Movistar Team,1:58:59

2013,55,Damiano Cunego,Italija,Lampre-Merida,1:59:38

2013,56,Amaël Moinard,Francija,BMC Racing Team,2:00:03

2013,57,Przemyslaw Niemiec,Poljska,Lampre-Merida,2:00:28

2013,58,Tony Gallopin,Francija,RadioShack-Leopard,2:02:59

2013,59,Pierrick Fedrigo,Francija,FDJ.fr ,2:04:19

2013,60,Thomas Danielson,ZDA,Garmin-Sharp,2:05:28

2013,61,Guillaume Levarlet,Francija,Cofidis,2:07:01

2013,62,Philippe Gilbert,Belgija,BMC Racing Team,2:07:11

2013,63,Jérome Coppel,Francija,Cofidis,2:09:13

2013,64,Bram Tankink,Nizozemska,Belkin Pro Cycling,2:10:12

2013,65,Thomas Voeckler,Francija,Team Europcar,2:12:48

2013,66,Arthur Vichot,Francija,FDJ.fr ,2:15:06

2013,67,Jens Voigt,Nemčija,RadioShack-Leopard,2:15:09

2013,68,Simon Clarke,Avstralija,Orica GreenEDGE,2:20:14

2013,69,Ion Izagirre,Španija,Euskaltel-Euskadi,2:21:32

2013,70,Ryder Hesjedal,Kanada,Garmin-Sharp,2:21:41

2013,71,Alessandro De Marchi,Italija,Cannondale,2:23:11

2013,72,Adam Hansen,Avstralija,Lotto-Belisol,2:23:15

2013,73,Rudy Molard,Francija,Cofidis,2:25:25

2013,74,Daryl Impey,JAR,Orica GreenEDGE,2:26:37

2013,75,Simon Geschke,Nemčija,Argos-Shimano,2:27:42

2013,76,Manuele Mori,Italija,Lampre-Merida,2:28:19

2013,77,Peter Kennaugh,Velika Britanija,Team Sky,2:33:46

2013,78,Juan José Oroz,Španija,Euskaltel-Euskadi,2:33:55

2013,79,José  Joaquín Rojas,Španija,Movistar Team,2:34:05

2013,80,Simon Gerrans,Avstralija,Orica GreenEDGE,2:34:36

2013,81,Julien El Fares,Francija,Sojasun,2:36:28

2013,82,Peter Sagan,Slovaška,Cannondale,2:38:51

2013,83,Sergey Lagutin,Rusija,Vacansoleil-DCM,2:38:55

2013,84,Francesco Gavazzi,Italija,Astana,2:39:08

2013,85,Manuel Quinziato,Italija,BMC Racing Team,2:39:34

2013,86,Michael Albasini,Švica,Orica GreenEDGE,2:40:22

2013,87,Julien Simon,Francija,Sojasun,2:41:24

2013,88,Luis Ángel Maté,Španija,Cofidis,2:43:28

2013,89,Anthony Delaplace,Francija,Sojasun,2:44:13

2013,90,Kanstantsin Siutsou,Belorusija,Team Sky,2:44:43

2013,91,Brent Bookwalter,ZDA,BMC Racing Team,2:45:05

2013,92,Matteo Tosatto,Italija,Saxo-Tinkoff,2:47:39

2013,93,Juan Antonio Flecha,Španija,Vacansoleil-DCM,2:48:03

2013,94,Moreno Moser,Italija,Cannondale,2:53:27

2013,95,Enrico Gasparotto,Italija,Astana,2:53:36

2013,96,Thomas de Gendt,Belgija,Vacansoleil-DCM,2:53:41

2013,97,Jonathan Castroviejo,Španija,Movistar Team,2:53:41

2013,98,Marcus Burghardt,Nemčija,BMC Racing Team,2:54:01

2013,99,Yukiya Arashiro,Japonska,Team Europcar,2:54:53

2013,100,Kristijan Koren,Slovenija,Cannondale,2:57:03

2013,101,Johnny Hoogerland,Nizozemska,Vacansoleil-DCM,2:57:59

2013,102,Rein Taaramäe,Estonija,Cofidis,2:59:09

2013,103,Markel Irizar,Španija,RadioShack-Leopard,2:59:39

2013,104,Brice Feillu,Francija,Sojasun,2:59:45

2013,105,Lars Boom,Nizozemska,Belkin Pro Cycling,3:02:52

2013,106,Tony Martin,Nemčija,Omega Pharma-Quick-Step,3:05:25

2013,107,Daniele Bennati,Italija,Saxo-Tinkoff,3:05:55

2013,108,Lars Ytting Bak,Danska,Lotto-Belisol,3:07:12

2013,109,Alberto Losada,Španija,Team Katusha ,3:07:26

2013,110,Pavel Brutt,Rusija,Team Katusha ,3:09:47

2013,111,Alan Marangoni,Italija,Cannondale,3:10:01

2013,112,Cyril Lemoine,Francija,Sojasun,3:11:38

2013,113,David Millar,Velika Britanija,Garmin-Sharp,3:14:25

2013,114,Maciej Bodnar,Poljska,Cannondale,3:15:15

2013,115,Egoitz García,Španija,Cofidis,3:16:28

2013,116,Jean-Marc Marino,Francija,Sojasun,3:16:30

2013,117,Fabio Sabatini,Italija,Cannondale,3:18:40

2013,118,Imanol Erviti,Španija,Movistar Team,3:19:12

2013,119,Gatis Smukulis,Latvija,Team Katusha ,3:21:06

2013,120,Ramunas Navardauskas,Litva,Garmin-Sharp,3:21:29

2013,121,John Degenkolb,Nemčija,Argos-Shimano,3:23:23

2013,122,Romain Sicard,Francija,Euskaltel-Euskadi,3:23:54

2013,123,David Veilleux,Kanada,Team Europcar,3:24:16

2013,124,Sébastien Minard,Francija,AG2R La Mondiale,3:24:28

2013,125,Blel Kadri,Francija,AG2R La Mondiale,3:27:17

2013,126,Jérémy Roy,Francija,FDJ.fr ,3:28:39

2013,127,David Lopez,Španija,Team Sky,3:28:47

2013,128,Elia Favilli,Italija,Lampre-Merida,3:31:19

2013,129,André Greipel,Nemčija,Lotto-Belisol,3:32:07

2013,130,Cameron Meyer,Avstralija,Orica GreenEDGE,3:32:14

2013,131,Sep Vanmarcke,Belgija,Belkin Pro Cycling,3:34:33

2013,132,Maarten Wynants,Belgija,Belkin Pro Cycling,3:37:06

2013,133,Murilo Antonio Fischer,Brazilija,FDJ.fr ,3:37:48

2013,134,Kévin Réza,Francija,Team Europcar,3:38:31

2013,135,Ian Stannard,Velika Britanija,Team Sky,3:38:49

2013,136,Sérgio Paulinho,Portugalska,Saxo-Tinkoff,3:38:58

2013,137,Davide Cimolai,Italija,Lampre-Merida,3:40:31

2013,138,Koen de Kort,Nizozemska,Argos-Shimano,3:40:55

2013,139,Ruben Perez,Španija,Euskaltel-Euskadi,3:43:15

2013,140,Geraint Thomas,Velika Britanija,Team Sky,3:43:34

2013,141,Aliaksandr Kuchynski,Belorusija,Team Katusha ,3:45:02

2013,142,Matteo Trentin,Italija,Omega Pharma-Quick-Step,3:45:30

2013,143,Samuel Dumoulin,Francija,AG2R La Mondiale,3:47:11

2013,144,Boy van Poppel,Nizozemska,Vacansoleil-DCM,3:48:15

2013,145,Roy Curvers,Nizozemska,Argos-Shimano,3:48:30

2013,146,Johannes Fröhlinger,Nemčija,Argos-Shimano,3:49:02

2013,147,Alexander Kristoff,Norveška,Team Katusha ,3:49:50

2013,148,Mark Cavendish,Velika Britanija,Omega Pharma-Quick-Step,3:52:04

2013,149,Niki Terpstra,Nizozemska,Omega Pharma-Quick-Step,3:52:05

2013,150,Tom Leezer,Nizozemska,Belkin Pro Cycling,3:53:55

2013,151,Jonathan Hivert,Francija,Sojasun,3:57:09

2013,152,Matthew Goss,Avstralija,Orica GreenEDGE,3:57:24

2013,153,Gert Steegmans,Belgija,Omega Pharma-Quick-Step,3:59:14

2013,154,Brett Lancaster,Avstralija,Orica GreenEDGE,4:00:19

2013,155,Brian Vandborg,Danska,Cannondale,4:00:21

2013,156,Jérôme Cousin,Francija,Team Europcar,4:01:10

2013,157,Roberto Ferrari,Italija,Lampre-Merida,4:02:09

2013,158,Yohann Gene,Francija,Team Europcar,4:03:06

2013,159,Jérome Pineau,Francija,Omega Pharma-Quick-Step,4:03:11

2013,160,Jurgen Roelandts,Belgija,Lotto-Belisol,4:03:18

2013,161,Stuart O'Grady,Avstralija,Orica GreenEDGE,4:03:27

2013,162,Gregory Henderson,Nova Zelandija,Lotto-Belisol,4:04:26

2013,163,Frederik Willems,Belgija,Lotto-Belisol,4:05:18

2013,164,Albert Timmer,Nizozemska,Argos-Shimano,4:07:19

2013,165,Juan José Lobato,Španija,Euskaltel-Euskadi,4:07:59

2013,166,Marcel Kittel,Nemčija,Argos-Shimano,4:10:08

2013,167,Dmitriy Muravyev,Kazahstan,Astana,4:21:46

2013,168,Assan Bazayev,Kazahstan,Astana,4:24:52

2013,169,Svein Tuft,Kanada,Orica GreenEDGE,4:27:55

2014,1,Vincenzo Nibali,Italija,Astana,89:59:06

2014,2,Jean-Christophe Peraud,Francija,AG2R La Mondiale,7:37

2014,3,Thibaut Pinot,Francija,FDJ.fr ,8:15

2014,4,Alejandro Valverde,Španija,Movistar Team,9:40

2014,5,Tejay van Garderen,ZDA,BMC Racing Team,11:24

2014,6,Romain Bardet,Francija,AG2R La Mondiale,11:26

2014,7,Leopold König,Češka,NetApp Endura,14:32

2014,8,Haimar Zubeldia,Španija,Trek Factory Racing ,17:57

2014,9,Laurens ten Dam,Nizozemska,Belkin Pro Cycling,18:11

2014,10,Bauke Mollema,Nizozemska,Belkin Pro Cycling,21:15

2014,11,Pierre Rolland,Francija,Team Europcar,23:07

2014,12,Fränk Schleck,Luksemburg,Trek Factory Racing ,25:48

2014,13,Jurgen van den Broeck,Belgija,Lotto-Belisol ,34:01

2014,14,Yuri Trofimov,Rusija,Team Katusha ,36:41

2014,15,Steven Kruijswijk,Nizozemska,Belkin Pro Cycling,38:15

2014,16,Brice Feillu,Francija,Bretagne-Séché Environnement,43:59

2014,17,Chris Horner,ZDA,Lampre-Merida,44:31

2014,18,Mikel Nieve,Španija,Team Sky,46:31

2014,19,John Gadret,Francija,Movistar Team,47:30

2014,20,Tanel Kangert,Estonija,Astana,52:11

2014,21,Ben Gastauer,Luksemburg,AG2R La Mondiale,58:00

2014,22,Geraint Thomas,Velika Britanija,Team Sky,59:14

2014,23,Richie Porte,Avstralija,Team Sky,1:01:08

2014,24,Jan Bakelants,Belgija,Omega Pharma-Quick-Step,1:06:28

2014,25,Cyril Gautier,Francija,Team Europcar,1:08:47

2014,26,Michael Rogers,Avstralija,Tinkoff-Saxo,1:17:53

2014,27,Peter Velits,Slovaška,BMC Racing Team,1:19:38

2014,28,Michal Kwiatkowski,Poljska,Omega Pharma-Quick-Step,1:21:55

2014,29,Tony Gallopin,Francija,Lotto-Belisol ,1:29:24

2014,30,Arnold Jeannesson,Francija,FDJ.fr ,1:33:27

2014,31,Luis Ángel Maté,Španija,Cofidis,1:36:52

2014,32,Marcel Wyss,Švica,IAM Cycling,1:38:27

2014,33,Tom Dumoulin,Nizozemska,Giant-Shimano,1:48:00

2014,34,Sylvain Chavanel,Francija,IAM Cycling,1:48:13

2014,35,Peter Stetina,ZDA,BMC Racing Team,1:52:36

2014,36,Jakob Fuglsang,Danska,Astana,1:54:50

2014,37,Giovanni Visconti,Italija,Movistar Team,1:56:28

2014,38,Greg Van Avermaet,Belgija,BMC Racing Team,1:56:34

2014,39,Nicolas Roche,Irska,Tinkoff-Saxo,1:58:45

2014,40,Bram Tankink,Nizozemska,Belkin Pro Cycling,1:59:02

2014,41,Ion Izagirre,Španija,Movistar Team,2:00:50

2014,42,Thomas Voeckler,Francija,Team Europcar,2:08:38

2014,43,Michael Schar,Švica,BMC Racing Team,2:09:43

2014,44,Rafał Majka,Poljska,Tinkoff-Saxo,2:17:53

2014,45,Amaël Moinard,Francija,BMC Racing Team,2:19:13

2014,46,Kristijan Durasek,Hrvaška,Lampre-Merida,2:21:18

2014,47,Tony Martin,Nemčija,Omega Pharma-Quick-Step,2:25:35

2014,48,Jose Rodolfo Serpa,Kolumbija,Lampre-Merida,2:29:06

2014,49,Michele Scarponi,Italija,Astana,2:31:40

2014,50,Paul Voss,Nemčija,NetApp Endura,2:32:48

2014,51,Rudy Molard,Francija,Cofidis,2:34:22

2014,52,Alessandro De Marchi,Italija,Cannondale ,2:34:54

2014,53,Benjamin King,ZDA,Garmin Sharp,2:41:59

2014,54,Joaquim Rodríguez,Španija,Team Katusha ,2:45:17

2014,55,Michal Golas,Poljska,Omega Pharma-Quick-Step,2:49:03

2014,56,Tom-Jelte Slagter,Nizozemska,Garmin Sharp,2:49:20

2014,57,Jérémy Roy,Francija,FDJ.fr ,2:49:28

2014,58,Jérome Pineau,Francija,IAM Cycling,2:51:46

2014,59,Mickaël Chérel,Francija,AG2R La Mondiale,2:52:00

2014,60,Peter Sagan,Slovaška,Cannondale ,2:52:52

2014,61,Jesús Herrada,Španija,Movistar Team,2:53:18

2014,62,Florian Guillou,Francija,Bretagne-Séché Environnement,2:53:20

2014,63,Markel Irizar,Španija,Trek Factory Racing ,2:53:44

2014,64,Adam Hansen,Avstralija,Lotto-Belisol ,2:54:18

2014,65,Yukiya Arashiro,Japonska,Team Europcar,2:55:27

2014,66,Matteo Montaguti,Italija,AG2R La Mondiale,2:55:47

2014,67,Jens Keukeleire,Belgija,Orica GreenEDGE,2:56:12

2014,68,Bartosz Huzarski,Poljska,NetApp Endura,2:58:00

2014,69,Daniel Oss,Italija,BMC Racing Team,2:58:41

2014,70,Michael Albasini,Švica,Orica GreenEDGE,3:05:51

2014,71,Jan Bárta,Češka,NetApp Endura,3:07:18

2014,72,Tiago Machado,Portugalska,NetApp Endura,3:08:03

2014,73,Kévin Réza,Francija,Team Europcar,3:08:12

2014,74,Johan Vansummeren,Belgija,Garmin Sharp,3:08:40

2014,75,Martin Elmiger,Švica,IAM Cycling,3:12:10

2014,76,Matthieu Ladagnous,Francija,FDJ.fr ,3:14:41

2014,77,Nicolas Edet,Francija,Cofidis,3:19:34

2014,78,Anthony Delaplace,Francija,Bretagne-Séché Environnement,3:20:48

2014,79,Lieuwe Westra,Nizozemska,Astana,3:21:04

2014,80,Marco Marcato,Italija,Cannondale ,3:21:16

2014,81,Imanol Erviti,Španija,Movistar Team,3:22:48

2014,82,Lars Ytting Bak,Danska,Lotto-Belisol ,3:23:41

2014,83,Perrig Quemeneur,Francija,Team Europcar,3:25:46

2014,84,Blel Kadri,Francija,AG2R La Mondiale,3:26:23

2014,85,Sebastien Reichenbach,Švica,IAM Cycling,3:27:52

2014,86,Vasil Kiryienka,Belorusija,Team Sky,3:30:23

2014,87,Nelson Oliveira,Portugalska,Lampre-Merida,3:30:36

2014,88,Rein Taaramäe,Estonija,Cofidis,3:35:01

2014,89,Sérgio Paulinho,Portugalska,Tinkoff-Saxo,3:36:33

2014,90,Samuel Dumoulin,Francija,AG2R La Mondiale,3:38:04

2014,91,Rubén Plaza,Španija,Movistar Team,3:38:27

2014,92,Koen de Kort,Nizozemska,Giant-Shimano,3:38:52

2014,93,Matteo Trentin,Italija,Omega Pharma-Quick-Step,3:38:56

2014,94,Niki Terpstra,Nizozemska,Omega Pharma-Quick-Step,3:39:04

2014,95,Andrei Grivko,Ukrajina,Astana,3:39:28

2014,96,Daniele Bennati,Italija,Tinkoff-Saxo,3:40:46

2014,97,Lars Boom,Nizozemska,Belkin Pro Cycling,3:41:24

2014,98,Matthew Busche,ZDA,Trek Factory Racing ,3:41:58

2014,99,Sébastien Minard,Francija,AG2R La Mondiale,3:42:23

2014,100,Gatis Smukulis,Latvija,Team Katusha ,3:43:25

2014,101,Gregory Rast,Švica,Trek Factory Racing ,3:43:37

2014,102,Cédric Pineau,Francija,FDJ.fr ,3:44:22

2014,103,Florian Vachon,Francija,Bretagne-Séché Environnement,3:44:40

2014,104,Bryan Coquard,Francija,Team Europcar,3:44:45

2014,105,David Lopez,Španija,Team Sky,3:45:13

2014,106,Sep Vanmarcke,Belgija,Belkin Pro Cycling,3:45:54

2014,107,Alexandre Pichot,Francija,Team Europcar,3:46:35

2014,108,Jens Voigt,Nemčija,Trek Factory Racing ,3:46:37

2014,109,Julien Simon,Francija,Cofidis,3:46:56

2014,110,Cyril Lemoine,Francija,Cofidis,3:47:16

2014,111,Jurgen Roelandts,Belgija,Lotto-Belisol ,3:52:39

2014,112,Maciej Bodnar,Poljska,Cannondale ,3:52:52

2014,113,Simon Clarke,Avstralija,Orica GreenEDGE,3:55:38

2014,114,Beñat Intxausti,Španija,Movistar Team,3:55:53

2014,115,Jean Marc Bideau,Francija,Bretagne-Séché Environnement,3:58:08

2014,116,Roy Curvers,Nizozemska,Giant-Shimano,3:58:23

2014,117,Maarten Wynants,Belgija,Belkin Pro Cycling,4:01:09

2014,118,Fabio Sabatini,Italija,Cannondale ,4:01:21

2014,119,Matteo Tosatto,Italija,Tinkoff-Saxo,4:01:53

2014,120,Christophe Riblon,Francija,AG2R La Mondiale,4:04:00

2014,121,Christian Meier,Kanada,Orica GreenEDGE,4:05:13

2014,122,Luke Durbridge,Avstralija,Orica GreenEDGE,4:05:59

2014,123,John Degenkolb,Nemčija,Giant-Shimano,4:06:42

2014,124,José Mendes,Portugalska,NetApp Endura,4:07:34

2014,125,Alexander Kristoff,Norveška,Team Katusha ,4:11:46

2014,126,Bernhard Eisel,Avstrija,Team Sky,4:13:21

2014,127,Alex Howes,ZDA,Garmin Sharp,4:18:43

2014,128,Yohann Gene,Francija,Team Europcar,4:19:11

2014,129,Maxim Iglinskiy,Kazahstan,Astana,4:22:07

2014,130,Dmitriy Gruzdev,Kazahstan,Astana,4:22:33

2014,131,Svein Tuft,Kanada,Orica GreenEDGE,4:22:52

2014,132,Arnaud Gerard,Francija,Bretagne-Séché Environnement,4:24:15

2014,133,Tom Leezer,Nizozemska,Belkin Pro Cycling,4:24:21

2014,134,Michael Mørkøv,Danska,Tinkoff-Saxo,4:26:29

2014,135,Kristijan Koren,Slovenija,Cannondale ,4:29:14

2014,136,Luca Paolini,Italija,Team Katusha ,4:29:43

2014,137,Jack Bauer,Nova Zelandija,Garmin Sharp,4:29:57

2014,138,Armindo Fonseca,Francija,Bretagne-Séché Environnement,4:30:52

2014,139,Roger Kluge,Nemčija,IAM Cycling,4:33:45

2014,140,Sebastian Langeveld,Nizozemska,Garmin Sharp,4:34:29

2014,141,Ramunas Navardauskas,Litva,Garmin Sharp,4:37:42

2014,142,Mark Renshaw,Avstralija,Omega Pharma-Quick-Step,4:39:03

2014,143,Mickaël Delage,Francija,FDJ.fr ,4:39:40

2014,144,Andreas Schillinger,Nemčija,NetApp Endura,4:40:06

2014,145,Marcel Sieberg,Nemčija,Lotto-Belisol ,4:41:21

2014,146,Albert Timmer,Nizozemska,Giant-Shimano,4:42:28

2014,147,Alessandro Vanotti,Italija,Astana,4:42:48

2014,148,Alessandro Petacchi,Italija,Omega Pharma-Quick-Step,4:44:47

2014,149,André Greipel,Nemčija,Lotto-Belisol ,4:44:54

2014,150,Romain Feillu,Francija,Bretagne-Séché Environnement,4:45:04

2014,151,Zakkari Dempster,Avstralija,NetApp Endura,4:45:04

2014,152,Benoit Jarrier,Francija,Bretagne-Séché Environnement,4:46:28

2014,153,Danny Pate,ZDA,Team Sky,4:47:52

2014,154,Marcus Burghardt,Nemčija,BMC Racing Team,4:48:40

2014,155,Tom Veelers,Nizozemska,Giant-Shimano,4:53:23

2014,156,Adrien Petit,Francija,Cofidis,4:58:20

2014,157,Vladimir Isaychev,Rusija,Team Katusha ,4:58:30

2014,158,William Bonnet,Francija,FDJ.fr ,4:59:57

2014,159,Arnaud Démare,Francija,FDJ.fr ,5:00:29

2014,160,Jean-Marc Marino,Francija,Cannondale ,5:03:46

2014,161,Marcel Kittel,Nemčija,Giant-Shimano,5:06:27

2014,162,Elia Viviani,Italija,Cannondale ,5:10:40

2014,163,Davide Cimolai,Italija,Lampre-Merida,5:11:58

2014,164,Cheng Ji,Kitajska,Giant-Shimano,6:02:24

2015,1,Chris Froome,Velika Britanija,Team Sky,84:46:14

2015,2,Nairo Quintana,Kolumbija,Movistar Team,1:12

2015,3,Alejandro Valverde,Španija,Movistar Team,5:25

2015,4,Vincenzo Nibali,Italija,Astana,8:36

2015,5,Alberto Contador,Španija, Tinkoff-Saxo,9:48

2015,6,Robert Gesink,Nizozemska,LottoNL-Jumbo,10:47

2015,7,Bauke Mollema,Nizozemska,Trek Factory Racing ,15:14

2015,8,Mathias Frank,Švica,IAM Cycling,15:39

2015,9,Romain Bardet,Francija,AG2R La Mondiale,16:00

2015,10,Pierre Rolland,Francija,Team Europcar,17:30

2015,11,Andrew Talansky,ZDA, Cannondale-Garmin ,22:06

2015,12,Samuel Sánchez,Španija,BMC Racing Team,22:50

2015,13,Serge Pauwels,Belgija, MTN-Qhubeka,31:03

2015,14,Warren Barguil,Francija, Team Giant-Alpecin,31:15

2015,15,Geraint Thomas,Velika Britanija,Team Sky,31:39

2015,16,Thibaut Pinot,Francija,FDJ,38:52

2015,17,Roman Kreuziger,Češka, Tinkoff-Saxo,1:02:51

2015,18,Mickaël Chérel,Francija,AG2R La Mondiale,1:05:00

2015,19,Jarlinson Pantano,Kolumbija,IAM Cycling,1:09:08

2015,20,Jan Bakelants,Belgija,AG2R La Mondiale,1:16:36

2015,21,Steven Kruijswijk,Nizozemska,LottoNL-Jumbo,1:21:27

2015,22,Tanel Kangert,Estonija,Astana,1:24:58

2015,23,Jakob Fuglsang,Danska,Astana,1:25:23

2015,24,Jonathan Castroviejo,Španija,Movistar Team,1:26:05

2015,25,Jan Bárta,Češka,Bora-Argon 18,1:26:56

2015,26,Alexis Vuillermoz,Francija,AG2R La Mondiale,1:28:29

2015,27,Bob Jungels,Luksemburg,Trek Factory Racing ,1:33:21

2015,28,Rafał Majka,Poljska, Tinkoff-Saxo,1:35:06

2015,29,Joaquim Rodríguez,Španija,Team Katusha ,1:36:07

2015,30,Rubén Plaza,Španija, Lampre-Merida,1:38:22

2015,31,Tony Gallopin,Francija,Lotto Soudal,1:40:44

2015,32,Gorka Izagirre,Španija,Movistar Team,1:41:34

2015,33,Romain Sicard,Francija,Team Europcar,1:51:32

2015,34,Cyril Gautier,Francija,Team Europcar,1:51:51

2015,35,Nicolas Roche,Irska,Team Sky,1:54:08

2015,36,Michael Rogers,Avstralija, Tinkoff-Saxo,1:56:13

2015,37,Lars Ytting Bak,Danska,Lotto Soudal,1:56:57

2015,38,Simon Geschke,Nemčija, Team Giant-Alpecin,1:58:14

2015,39,Daniel Martin,Irska, Cannondale-Garmin ,2:03:37

2015,40,Ryder Hesjedal,Kanada, Cannondale-Garmin ,2:04:37

2015,41,Michele Scarponi,Italija,Astana,2:05:03

2015,42,Rigoberto Uran,Kolumbija, Etixx-Quick Step,2:08:20

2015,43,Luis Ángel Maté,Španija, Cofidis,2:10:12

2015,44,Wout Poels,Nizozemska,Team Sky,2:12:44

2015,45,Thomas Voeckler,Francija,Team Europcar,2:14:08

2015,46,Peter Sagan,Slovaška, Tinkoff-Saxo,2:14:55

2015,47,Nelson Oliveira,Portugalska, Lampre-Merida,2:15:32

2015,48,Richie Porte,Avstralija,Team Sky,2:16:05

2015,49,Daniel Teklehaimanot,Eritreja, MTN-Qhubeka,2:16:15

2015,50,Adam Yates,Velika Britanija,Orica GreenEDGE,2:16:36

2015,51,Jacques Janse van Rensburg,JAR, MTN-Qhubeka,2:18:16

2015,52,Pierrick Fedrigo,Francija, Bretagne-Séché Environnement,2:22:54

2015,53,Damiano Caruso,Italija,BMC Racing Team,2:26:32

2015,54,Sylvain Chavanel,Francija,IAM Cycling,2:29:28

2015,55,Bram Tankink,Nizozemska,LottoNL-Jumbo,2:30:12

2015,56,Michael Schar,Švica,BMC Racing Team,2:31:13

2015,57,Winner Anacona,Kolumbija,Movistar Team,2:31:14

2015,58,Alberto Losada,Španija,Team Katusha ,2:32:30

2015,59,Stef Clement,Nizozemska,IAM Cycling,2:33:42

2015,60,Marcel Wyss,Švica,IAM Cycling,2:34:38

2015,61,Jean-Christophe Peraud,Francija,AG2R La Mondiale,2:35:10

2015,62,Haimar Zubeldia,Španija,Trek Factory Racing ,2:36:50

2015,63,Danilo Wyss,Švica,BMC Racing Team,2:37:17

2015,64,Andrei Grivko,Ukrajina,Astana,2:38:06

2015,65,José Herrada,Španija,Movistar Team,2:40:06

2015,66,Daniel Navarro,Španija, Cofidis,2:43:34

2015,67,Thomas de Gendt,Belgija,Lotto Soudal,2:48:02

2015,68,Christophe Riblon,Francija,AG2R La Mondiale,2:48:19

2015,69,Kristijan Koren,Slovenija, Cannondale-Garmin ,2:51:44

2015,70,Leopold König,Češka,Team Sky,2:53:09

2015,71,Matthieu Ladagnous,Francija,FDJ,2:53:22

2015,72,Tiago Machado,Portugalska,Team Katusha ,2:54:31

2015,73,Koen de Kort,Nizozemska, Team Giant-Alpecin,2:57:05

2015,74,Perrig Quemeneur,Francija,Team Europcar,2:57:19

2015,75,Reto Hollenstein,Švica,IAM Cycling,2:58:30

2015,76,Kristijan Durasek,Hrvaška, Lampre-Merida,3:02:14

2015,77,Lieuwe Westra,Nizozemska,Astana,3:03:09

2015,78,Rafael Valls,Španija, Lampre-Merida,3:03:11

2015,79,Wilco Kelderman,Nizozemska,LottoNL-Jumbo,3:04:07

2015,80,Paul Martens,Nemčija,LottoNL-Jumbo,3:04:52

2015,81,Pierre-Luc Perichon,Francija, Bretagne-Séché Environnement,3:05:48

2015,82,Edvald Boasson Hagen,Norveška, MTN-Qhubeka,3:08:02

2015,83,Emanuel Buchmann,Nemčija,Bora-Argon 18,3:08:47

2015,84,Merhawi Kudus,Eritreja, MTN-Qhubeka,3:10:36

2015,85,Anthony Delaplace,Francija, Bretagne-Séché Environnement,3:11:28

2015,86,Stephen Cummings,Velika Britanija, MTN-Qhubeka,3:12:23

2015,87,Georg Preidler,Avstrija, Team Giant-Alpecin,3:14:14

2015,88,Florian Vachon,Francija, Bretagne-Séché Environnement,3:15:01

2015,89,Simon Yates,Velika Britanija,Orica GreenEDGE,3:16:04

2015,90,Giampaolo Caruso,Italija,Team Katusha ,3:17:03

2015,91,Angelo Tulik,Francija,Team Europcar,3:18:24

2015,92,Laurens ten Dam,Nizozemska,LottoNL-Jumbo,3:18:43

2015,93,Markel Irizar,Španija,Trek Factory Racing ,3:19:44

2015,94,Julien Simon,Francija, Cofidis,3:19:53

2015,95,Michal Golas,Poljska, Etixx-Quick Step,3:21:17

2015,96,Reinardt Janse van Rensburg,JAR, MTN-Qhubeka,3:21:30

2015,97,Daniel Oss,Italija,BMC Racing Team,3:22:14

2015,98,Brice Feillu,Francija, Bretagne-Séché Environnement,3:23:11

2015,99,Paul Voss,Nemčija,Bora-Argon 18,3:24:53

2015,100,Martin Elmiger,Švica,IAM Cycling,3:26:47

2015,101,Rohan Dennis,Avstralija,BMC Racing Team,3:27:34

2015,102,Gregory Rast,Švica,Trek Factory Racing ,3:29:00

2015,103,Zdenek  Stybar,Češka, Etixx-Quick Step,3:30:13

2015,104,Sep Vanmarcke,Belgija,LottoNL-Jumbo,3:31:15

2015,105,Jérémy Roy,Francija,FDJ,3:32:12

2015,106,Roy Curvers,Nizozemska, Team Giant-Alpecin,3:35:40

2015,107,Adriano Malori,Italija,Movistar Team,3:37:28

2015,108,Bartosz Huzarski,Poljska,Bora-Argon 18,3:38:06

2015,109,John Degenkolb,Nemčija, Team Giant-Alpecin,3:39:43

2015,110,Bryan Coquard,Francija,Team Europcar,3:42:36

2015,111,Nicolas Edet,Francija, Cofidis,3:42:42

2015,112,Alexandre Geniez,Francija,FDJ,3:42:57

2015,113,Benoit Vaugrenard,Francija,FDJ,3:43:08

2015,114,Adam Hansen,Avstralija,Lotto Soudal,3:45:18

2015,115,Imanol Erviti,Španija,Movistar Team,3:47:14

2015,116,Julien Vermote,Belgija, Etixx-Quick Step,3:50:32

2015,117,Matteo Trentin,Italija, Etixx-Quick Step,3:50:59

2015,118,Matteo Bono,Italija, Lampre-Merida,3:52:17

2015,119,Armindo Fonseca,Francija, Bretagne-Séché Environnement,3:53:13

2015,120,Manuel Quinziato,Italija,BMC Racing Team,3:53:21

2015,121,Jos van Emden,Nizozemska,LottoNL-Jumbo,3:54:19

2015,122,Jose Rodolfo Serpa,Kolumbija, Lampre-Merida,3:54:25

2015,123,Geoffrey Soupe,Francija, Cofidis,3:55:35

2015,124,Julián David Arredondo,Kolumbija,Trek Factory Racing ,3:56:49

2015,125,Filippo Pozzato,Italija, Lampre-Merida,3:58:20

2015,126,Marco Haller,Avstrija,Team Katusha ,3:59:04

2015,127,Christophe Laporte,Francija, Cofidis,3:59:10

2015,128,Ian Stannard,Velika Britanija,Team Sky,3:59:37

2015,129,Tim Wellens,Belgija,Lotto Soudal,3:59:39

2015,130,Alexander Kristoff,Norveška,Team Katusha ,4:01:06

2015,131,Dmitriy Gruzdev,Kazahstan,Astana,4:01:12

2015,132,Matteo Tosatto,Italija, Tinkoff-Saxo,4:01:15

2015,133,Arnaud Gerard,Francija, Bretagne-Séché Environnement,4:02:06

2015,134,André Greipel,Nemčija,Lotto Soudal,4:03:28

2015,135,Florian Sénéchal,Francija, Cofidis,4:04:06

2015,136,Luke Rowe,Velika Britanija,Team Sky,4:04:45

2015,137,Yohann Gene,Francija,Team Europcar,4:04:56

2015,138,Arnaud Démare,Francija,FDJ,4:05:28

2015,139,Albert Timmer,Nizozemska, Team Giant-Alpecin,4:05:30

2015,140,José Mendes,Portugalska,Bora-Argon 18,4:07:47

2015,141,Frederic Brun,Francija, Bretagne-Séché Environnement,4:10:32

2015,142,Mark Cavendish,Velika Britanija, Etixx-Quick Step,4:12:05

2015,143,Ramunas Navardauskas,Litva, Cannondale-Garmin ,4:14:40

2015,144,Pieter Weening,Nizozemska,Orica GreenEDGE,4:15:20

2015,145,Jens Debusschere,Belgija,Lotto Soudal,4:16:06

2015,146,Damien Gaudin,Francija,AG2R La Mondiale,4:16:13

2015,147,Dylan van Baarle,Nizozemska, Cannondale-Garmin ,4:18:40

2015,148,Stijn Devolder,Belgija,Trek Factory Racing ,4:21:31

2015,149,Jacopo Guarnieri,Italija,Team Katusha ,4:22:20

2015,150,Marcel Sieberg,Nemčija,Lotto Soudal,4:24:52

2015,151,Luke Durbridge,Avstralija,Orica GreenEDGE,4:25:03

2015,152,Michael Matthews,Avstralija,Orica GreenEDGE,4:26:33

2015,153,Tom Leezer,Nizozemska,LottoNL-Jumbo,4:26:47

2015,154,Tyler Farrar,ZDA, MTN-Qhubeka,4:32:32

2015,155,Davide Cimolai,Italija, Lampre-Merida,4:33:21

2015,156,Matthias Brändle,Avstrija,IAM Cycling,4:37:36

2015,157,Bryan Nauleau,Francija,Team Europcar,4:40:12

2015,158,Kenneth Vanbilsen,Belgija, Cofidis,4:41:27

2015,159,Svein Tuft,Kanada,Orica GreenEDGE,4:48:08

2015,160,Sébastien Chavanel,Francija,FDJ,4:56:59

2016,1,Chris Froome,Velika Britanija,Team Sky,89:04:48

2016,2,Romain Bardet,Francija,AG2R La Mondiale,4:05

2016,3,Nairo Quintana,Kolumbija,Movistar Team,4:21

2016,4,Adam Yates,Velika Britanija,Orica-BikeExchange,4:42

2016,5,Richie Porte,Avstralija,BMC Racing Team,5:17

2016,6,Alejandro Valverde,Španija,Movistar Team,6:16

2016,7,Joaquim Rodríguez,Španija,Team Katusha,6:58

2016,8,Louis Meintjes,JAR,Lampre-Merida,6:58

2016,9,Daniel Martin,Irska,Etixx-Quick Step,7:04

2016,10,Roman Kreuziger,Češka,Tinkoff,7:11

2016,11,Bauke Mollema,Nizozemska,Trek-Segafredo,13:13

2016,12,Sergio Luis Henao,Kolumbija,Team Sky,18:51

2016,13,Fabio Aru,Italija,Astana,19:20

2016,14,Sebastien Reichenbach,Švica,FDJ,24:59

2016,15,Geraint Thomas,Velika Britanija,Team Sky,28:31

2016,16,Pierre Rolland,Francija,Cannondale-Drapac,30:42

2016,17,Mikel Nieve,Španija,Team Sky,38:30

2016,18,Stef Clement,Nizozemska,IAM Cycling,38:57

2016,19,Jarlinson Pantano,Kolumbija,IAM Cycling,38:59

2016,20,Alexis Vuillermoz,Francija,AG2R La Mondiale,42:28

2016,21,Emanuel Buchmann,Nemčija,Bora-Argon 18,47:40

2016,22,Damiano Caruso,Italija,BMC Racing Team,48:23

2016,23,Warren Barguil,Francija,Team Giant-Alpecin,52:14

2016,24,Haimar Zubeldia,Španija,Trek-Segafredo,53:06

2016,25,Ilnur Zakarin,Rusija,Team Katusha ,56:33

2016,26,Tanel Kangert,Estonija,Astana,1:03:59

2016,27,Rafał Majka,Poljska,Tinkoff,1:04:25

2016,28,Wout Poels,Nizozemska,Team Sky,1:06:57

2016,29,Tejay van Garderen,ZDA,BMC Racing Team,1:12:06

2016,30,Vincenzo Nibali,Italija,Astana,1:19:59

2016,31,Daniel Moreno,Španija,Movistar Team,1:21:00

2016,32,Wilco Kelderman,Nizozemska,LottoNL-Jumbo,1:24:38

2016,33,Domenico Pozzovivo,Italija,AG2R La Mondiale,1:25:14

2016,34,Fränk Schleck,Luksemburg,Trek-Segafredo,1:27:39

2016,35,Mikel Landa,Španija,Team Sky,1:32:19

2016,36,Steve Morabito,Švica,FDJ,1:38:30

2016,37,Diego Rosa,Italija,Astana,1:46:36

2016,38,Daryl Impey,JAR,Orica-BikeExchange,1:50:51

2016,39,Bartosz Huzarski,Poljska,Bora-Argon 18,1:55:28

2016,40,Thomas de Gendt,Belgija,Lotto Soudal,1:58:45

2016,41,Julian Alaphilippe,Francija,Etixx-Quick Step,2:00:09

2016,42,Serge Pauwels,Belgija,Team Dimension Data,2:00:38

2016,43,Sylvain Chavanel,Francija,Direct Energie,2:02:53

2016,44,Greg Van Avermaet,Belgija,BMC Racing Team,2:06:13

2016,45,Amaël Moinard,Francija,BMC Racing Team,2:06:36

2016,46,Peter Stetina,ZDA,Trek-Segafredo,2:07:22

2016,47,Ion Izagirre,Španija,Movistar Team,2:09:49

2016,48,Luis Leon Sanchez,Španija,Astana,2:10:25

2016,49,Rui Costa,Portugalska,Lampre-Merida,2:11:42

2016,50,Jan Bakelants,Belgija,AG2R La Mondiale,2:13:47

2016,51,Kristijan Durasek,Hrvaška,Lampre-Merida,2:15:16

2016,52,Jakob Fuglsang,Danska,Astana,2:17:16

2016,53,George Bennett,Nova Zelandija,LottoNL-Jumbo,2:18:05

2016,54,Jan Polanc,Slovenija,Lampre-Merida,2:18:24

2016,55,Luis Ángel Maté,Španija,Cofidis,2:21:17

2016,56,Georg Preidler,Avstrija,Team Giant-Alpecin,2:25:45

2016,57,Mickaël Chérel,Francija,AG2R La Mondiale,2:27:45

2016,58,Robert Kišerlovski,Hrvaška,Tinkoff,2:28:06

2016,59,Eduardo Sepúlveda,Argentina,Fortuneo-Vital Concept,2:28:27

2016,60,Fabrice Jeandesboz,Francija,Direct Energie,2:39:17

2016,61,Ben Gastauer,Luksemburg,AG2R La Mondiale,2:41:05

2016,62,Alexey Lutsenko,Kazahstan,Astana,2:41:52

2016,63,Anthony Roux,Francija,FDJ,2:43:51

2016,64,Martin Elmiger,Švica,IAM Cycling,2:44:01

2016,65,Patrick Konrad,Avstrija,Bora-Argon 18,2:46:32

2016,66,Simon Geschke,Nemčija,Team Giant-Alpecin,2:47:32

2016,67,Alberto Losada,Španija,Team Katusha ,2:48:02

2016,68,Cyril Gautier,Francija,AG2R La Mondiale,2:49:49

2016,69,Winner Anacona,Kolumbija,Movistar Team,2:50:23

2016,70,Brice Feillu,Francija,Fortuneo-Vital Concept,2:50:49

2016,71,Tony Gallopin,Francija,Lotto Soudal,2:51:23

2016,72,Rubén Plaza,Španija,Orica-BikeExchange,2:53:10

2016,73,Laurens ten Dam,Nizozemska,Team Giant-Alpecin,2:53:22

2016,74,Paolo Tiralongo,Italija,Astana,2:58:12

2016,75,Jérome Coppel,Francija,IAM Cycling,2:58:48

2016,76,Michael Schar,Švica,BMC Racing Team,3:00:54

2016,77,Michael Valgren,Danska,Tinkoff,3:01:22

2016,78,Arthur Vichot,Francija,FDJ,3:02:10

2016,79,Thomas Voeckler,Francija,Direct Energie,3:02:35

2016,80,Nelson Oliveira,Portugalska,Movistar Team,3:04:53

2016,81,Romain Sicard,Francija,Direct Energie,3:09:11

2016,82,Tom-Jelte Slagter,Nizozemska,Cannondale-Drapac,3:09:19

2016,83,Oliver Naesen,Belgija,IAM Cycling,3:11:28

2016,84,Chris Anker Sørensen,Danska,Fortuneo-Vital Concept,3:12:52

2016,85,Daniel Teklehaimanot,Eritreja,Team Dimension Data,3:14:07

2016,86,Andrei Grivko,Ukrajina,Astana,3:14:31

2016,87,Arnold Jeannesson,Francija,Cofidis,3:18:14

2016,88,Jan Bárta,Češka,Bora-Argon 18,3:19:44

2016,89,Marcus Burghardt,Nemčija,BMC Racing Team,3:20:22

2016,90,Anthony Delaplace,Francija,Fortuneo-Vital Concept,3:21:09

2016,91,Dylan van Baarle,Nizozemska,Cannondale-Drapac,3:23:15

2016,92,Tsgabu Grmay,Etiopija,Lampre-Merida,3:23:17

2016,93,Pierre-Luc Perichon,Francija,Fortuneo-Vital Concept,3:24:36

2016,94,Bert-Jan Lindeman,Nizozemska,LottoNL-Jumbo,3:26:19

2016,95,Peter Sagan,Slovaška,Tinkoff,3:27:09

2016,96,Jérémy Roy,Francija,FDJ,3:27:15

2016,97,Reto Hollenstein,Švica,IAM Cycling,3:28:33

2016,98,Paul Martens,Nemčija,LottoNL-Jumbo,3:33:29

2016,99,Jasper Stuyven,Belgija,Trek-Segafredo,3:33:29

2016,100,Adam Hansen,Avstralija,Lotto Soudal,3:34:26

2016,101,Paul Voss,Nemčija,Bora-Argon 18,3:36:25

2016,102,Luka Pibernik,Slovenija,Lampre-Merida,3:38:17

2016,103,Vasil Kiryienka,Belorusija,Team Sky,3:38:41

2016,104,Sep Vanmarcke,Belgija,LottoNL-Jumbo,3:40:02

2016,105,Florian Vachon,Francija,Fortuneo-Vital Concept,3:40:09

2016,106,Nicolas Edet,Francija,Cofidis,3:42:42

2016,107,Antoine Duchesne,Kanada,Direct Energie,3:44:54

2016,108,Imanol Erviti,Španija,Movistar Team,3:46:42

2016,109,Edvald Boasson Hagen,Norveška,Team Dimension Data,3:47:29

2016,110,Michael Matthews,Avstralija,Orica-BikeExchange,3:47:40

2016,111,Timo Roosen,Nizozemska,LottoNL-Jumbo,3:50:43

2016,112,Luke Durbridge,Avstralija,Orica-BikeExchange,3:51:55

2016,113,Bryan Coquard,Francija,Direct Energie,3:51:57

2016,114,Julien Vermote,Belgija,Etixx-Quick Step,3:52:50

2016,115,Reinardt Janse van Rensburg,JAR,Team Dimension Data,3:56:30

2016,116,Yukiya Arashiro,Japonska,Lampre-Merida,3:57:06

2016,117,Brent Bookwalter,ZDA,BMC Racing Team,3:57:49

2016,118,Petr Vakoc,Češka,Etixx-Quick Step,3:57:58

2016,119,Christopher Juul-Jensen,Danska,Orica-BikeExchange,3:58:10

2016,120,Markel Irizar,Španija,Trek-Segafredo,3:58:17

2016,121,Jérôme Cousin,Francija,Cofidis,3:58:36

2016,122,Roy Curvers,Nizozemska,Team Giant-Alpecin,4:03:16

2016,123,Gregory Rast,Švica,Trek-Segafredo,4:03:44

2016,124,Lawson Craddock,ZDA,Cannondale-Drapac,4:03:44

2016,125,Natnael Berhane,Eritreja,Team Dimension Data,4:04:27

2016,126,Jurgen Roelandts,Belgija,Lotto Soudal,4:05:22

2016,127,William Bonnet,Francija,FDJ,4:06:18

2016,128,Cesare Benedetti,Italija,Bora-Argon 18,4:06:23

2016,129,Ángel Vicioso,Španija,Team Katusha ,4:08:07

2016,130,Samuel Dumoulin,Francija,AG2R La Mondiale,4:08:08

2016,131,Alex Howes,ZDA,Cannondale-Drapac,4:08:22

2016,132,Michael Albasini,Švica,Orica-BikeExchange,4:09:04

2016,133,André Greipel,Nemčija,Lotto Soudal,4:09:07

2016,134,Ramunas Navardauskas,Litva,Cannondale-Drapac,4:09:40

2016,135,Mathew Hayman,Avstralija,Orica-BikeExchange,4:10:33

2016,136,Matteo Bono,Italija,Lampre-Merida,4:12:53

2016,137,Cyril Lemoine,Francija,Cofidis,4:13:49

2016,138,Maarten Wynants,Belgija,LottoNL-Jumbo,4:16:53

2016,139,Iljo Keisse,Belgija,Etixx-Quick Step,4:16:57

2016,140,Stephen Cummings,Velika Britanija,Team Dimension Data,4:17:03

2016,141,Sondre Holst  Enger,Norveška,IAM Cycling,4:17:32

2016,142,Geoffrey Soupe,Francija,Cofidis,4:18:15

2016,143,Ramon Sinkeldam,Nizozemska,Team Giant-Alpecin,4:21:41

2016,144,Ariel Maximiliano Richeze,Argentina,Etixx-Quick Step,4:22:02

2016,145,Matteo Tosatto,Italija,Tinkoff,4:22:05

2016,146,Armindo Fonseca,Francija,Fortuneo-Vital Concept,4:23:01

2016,147,Alexis Gougeard,Francija,AG2R La Mondiale,4:23:42

2016,148,John Degenkolb,Nemčija,Team Giant-Alpecin,4:24:24

2016,149,Alexander Kristoff,Norveška,Team Katusha ,4:24:24

2016,150,Fabio Sabatini,Italija,Etixx-Quick Step,4:26:39

2016,151,Luke Rowe,Velika Britanija,Team Sky,4:27:49

2016,152,Kristijan Koren,Slovenija,Cannondale-Drapac,4:28:01

2016,153,Albert Timmer,Nizozemska,Team Giant-Alpecin,4:28:11

2016,154,Andreas Schillinger,Nemčija,Bora-Argon 18,4:28:33

2016,155,Gregory Henderson,Nova Zelandija,Lotto Soudal,4:29:22

2016,156,Oscar Gatto,Italija,Tinkoff,4:29:38

2016,157,Christophe Laporte,Francija,Cofidis,4:29:47

2016,158,Yohann Gene,Francija,Direct Energie,4:30:02

2016,159,Maciej Bodnar,Poljska,Tinkoff,4:30:30

2016,160,Dylan Groenewegen,Nizozemska,LottoNL-Jumbo,4:30:34

2016,161,Ian Stannard,Velika Britanija,Team Sky,4:31:34

2016,162,Marco Haller,Avstrija,Team Katusha ,4:31:40

2016,163,Robert Wagner,Nemčija,LottoNL-Jumbo,4:32:09

2016,164,Adrien Petit,Francija,Direct Energie,4:32:25

2016,165,Jacopo Guarnieri,Italija,Team Katusha ,4:34:45

2016,166,Marcel Kittel,Nemčija,Etixx-Quick Step,4:35:06

2016,167,Vegard Breen,Norveška,Fortuneo-Vital Concept,4:38:27

2016,168,Davide Cimolai,Italija,Lampre-Merida,4:39:37

2016,169,Marcel Sieberg,Nemčija,Lotto Soudal,4:40:24

2016,170,Daniel Mclay,Velika Britanija,Fortuneo-Vital Concept,4:50:14

2016,171,Bernhard Eisel,Avstrija,Team Dimension Data,4:51:07

2016,172,Leigh Howard,Avstralija,IAM Cycling,4:55:13

2016,173,Lars Ytting Bak,Danska,Lotto Soudal,5:01:18

2016,174,Sam Bennett,Irska,Bora-Argon 18,5:17:14
